genotype,place,date,day,stage,number,eggs_start,hatched
LA1840,1,26/11/2021,2,0_egg,60,60,40
LA1840,1,26/11/2021,2,1_first_instar,0,60,40
LA1840,1,26/11/2021,2,2_second_instar,0,60,40
LA1840,1,26/11/2021,2,3_third_instar,0,60,40
LA1840,1,26/11/2021,2,4_early_fourth_instar,0,60,40
LA1840,1,26/11/2021,2,5_late_fourth_instar,0,60,40
LA1840,1,26/11/2021,2,6_exuviea,0,60,40
MM,2,26/11/2021,2,0_egg,66,66,46
MM,2,26/11/2021,2,1_first_instar,0,66,46
MM,2,26/11/2021,2,2_second_instar,0,66,46
MM,2,26/11/2021,2,3_third_instar,0,66,46
MM,2,26/11/2021,2,4_early_fourth_instar,0,66,46
MM,2,26/11/2021,2,5_late_fourth_instar,0,66,46
MM,2,26/11/2021,2,6_exuviea,0,66,46
MM,3,26/11/2021,2,0_egg,60,60,39
MM,3,26/11/2021,2,1_first_instar,0,60,39
MM,3,26/11/2021,2,2_second_instar,0,60,39
MM,3,26/11/2021,2,3_third_instar,0,60,39
MM,3,26/11/2021,2,4_early_fourth_instar,0,60,39
MM,3,26/11/2021,2,5_late_fourth_instar,0,60,39
MM,3,26/11/2021,2,6_exuviea,0,60,39
MM,4,26/11/2021,2,0_egg,84,84,52
MM,4,26/11/2021,2,1_first_instar,0,84,52
MM,4,26/11/2021,2,2_second_instar,0,84,52
MM,4,26/11/2021,2,3_third_instar,0,84,52
MM,4,26/11/2021,2,4_early_fourth_instar,0,84,52
MM,4,26/11/2021,2,5_late_fourth_instar,0,84,52
MM,4,26/11/2021,2,6_exuviea,0,84,52
LA1840,5,26/11/2021,2,0_egg,57,57,40
LA1840,5,26/11/2021,2,1_first_instar,0,57,40
LA1840,5,26/11/2021,2,2_second_instar,0,57,40
LA1840,5,26/11/2021,2,3_third_instar,0,57,40
LA1840,5,26/11/2021,2,4_early_fourth_instar,0,57,40
LA1840,5,26/11/2021,2,5_late_fourth_instar,0,57,40
LA1840,5,26/11/2021,2,6_exuviea,0,57,40
LA1840,6,26/11/2021,2,0_egg,74,74,39
LA1840,6,26/11/2021,2,1_first_instar,0,74,39
LA1840,6,26/11/2021,2,2_second_instar,0,74,39
LA1840,6,26/11/2021,2,3_third_instar,0,74,39
LA1840,6,26/11/2021,2,4_early_fourth_instar,0,74,39
LA1840,6,26/11/2021,2,5_late_fourth_instar,0,74,39
LA1840,6,26/11/2021,2,6_exuviea,0,74,39
LA1840,7,26/11/2021,2,0_egg,89,89,57
LA1840,7,26/11/2021,2,1_first_instar,0,89,57
LA1840,7,26/11/2021,2,2_second_instar,0,89,57
LA1840,7,26/11/2021,2,3_third_instar,0,89,57
LA1840,7,26/11/2021,2,4_early_fourth_instar,0,89,57
LA1840,7,26/11/2021,2,5_late_fourth_instar,0,89,57
LA1840,7,26/11/2021,2,6_exuviea,0,89,57
MM,8,26/11/2021,2,0_egg,43,43,29
MM,8,26/11/2021,2,1_first_instar,0,43,29
MM,8,26/11/2021,2,2_second_instar,0,43,29
MM,8,26/11/2021,2,3_third_instar,0,43,29
MM,8,26/11/2021,2,4_early_fourth_instar,0,43,29
MM,8,26/11/2021,2,5_late_fourth_instar,0,43,29
MM,8,26/11/2021,2,6_exuviea,0,43,29
MM,9,26/11/2021,2,0_egg,49,49,19
MM,9,26/11/2021,2,1_first_instar,0,49,19
MM,9,26/11/2021,2,2_second_instar,0,49,19
MM,9,26/11/2021,2,3_third_instar,0,49,19
MM,9,26/11/2021,2,4_early_fourth_instar,0,49,19
MM,9,26/11/2021,2,5_late_fourth_instar,0,49,19
MM,9,26/11/2021,2,6_exuviea,0,49,19
MM,10,26/11/2021,2,0_egg,56,56,25
MM,10,26/11/2021,2,1_first_instar,0,56,25
MM,10,26/11/2021,2,2_second_instar,0,56,25
MM,10,26/11/2021,2,3_third_instar,0,56,25
MM,10,26/11/2021,2,4_early_fourth_instar,0,56,25
MM,10,26/11/2021,2,5_late_fourth_instar,0,56,25
MM,10,26/11/2021,2,6_exuviea,0,56,25
LA1840,11,26/11/2021,2,0_egg,68,68,43
LA1840,11,26/11/2021,2,1_first_instar,0,68,43
LA1840,11,26/11/2021,2,2_second_instar,0,68,43
LA1840,11,26/11/2021,2,3_third_instar,0,68,43
LA1840,11,26/11/2021,2,4_early_fourth_instar,0,68,43
LA1840,11,26/11/2021,2,5_late_fourth_instar,0,68,43
LA1840,11,26/11/2021,2,6_exuviea,0,68,43
LA1840,12,26/11/2021,2,0_egg,68,68,48
LA1840,12,26/11/2021,2,1_first_instar,0,68,48
LA1840,12,26/11/2021,2,2_second_instar,0,68,48
LA1840,12,26/11/2021,2,3_third_instar,0,68,48
LA1840,12,26/11/2021,2,4_early_fourth_instar,0,68,48
LA1840,12,26/11/2021,2,5_late_fourth_instar,0,68,48
LA1840,12,26/11/2021,2,6_exuviea,0,68,48
LA1840,13,26/11/2021,2,0_egg,49,49,24
LA1840,13,26/11/2021,2,1_first_instar,0,49,24
LA1840,13,26/11/2021,2,2_second_instar,0,49,24
LA1840,13,26/11/2021,2,3_third_instar,0,49,24
LA1840,13,26/11/2021,2,4_early_fourth_instar,0,49,24
LA1840,13,26/11/2021,2,5_late_fourth_instar,0,49,24
LA1840,13,26/11/2021,2,6_exuviea,0,49,24
MM,14,26/11/2021,2,0_egg,36,36,23
MM,14,26/11/2021,2,1_first_instar,0,36,23
MM,14,26/11/2021,2,2_second_instar,0,36,23
MM,14,26/11/2021,2,3_third_instar,0,36,23
MM,14,26/11/2021,2,4_early_fourth_instar,0,36,23
MM,14,26/11/2021,2,5_late_fourth_instar,0,36,23
MM,14,26/11/2021,2,6_exuviea,0,36,23
LA1840,1,01/12/2021,7,1_first_instar,0,60,40
LA1840,1,01/12/2021,7,2_second_instar,0,60,40
LA1840,1,01/12/2021,7,3_third_instar,0,60,40
LA1840,1,01/12/2021,7,4_early_fourth_instar,0,60,40
LA1840,1,01/12/2021,7,5_late_fourth_instar,0,60,40
LA1840,1,01/12/2021,7,6_exuviea,0,60,40
MM,2,01/12/2021,7,1_first_instar,0,66,46
MM,2,01/12/2021,7,2_second_instar,0,66,46
MM,2,01/12/2021,7,3_third_instar,0,66,46
MM,2,01/12/2021,7,4_early_fourth_instar,0,66,46
MM,2,01/12/2021,7,5_late_fourth_instar,0,66,46
MM,2,01/12/2021,7,6_exuviea,0,66,46
MM,3,01/12/2021,7,1_first_instar,0,60,39
MM,3,01/12/2021,7,2_second_instar,0,60,39
MM,3,01/12/2021,7,3_third_instar,0,60,39
MM,3,01/12/2021,7,4_early_fourth_instar,0,60,39
MM,3,01/12/2021,7,5_late_fourth_instar,0,60,39
MM,3,01/12/2021,7,6_exuviea,0,60,39
MM,4,01/12/2021,7,1_first_instar,0,84,52
MM,4,01/12/2021,7,2_second_instar,0,84,52
MM,4,01/12/2021,7,3_third_instar,0,84,52
MM,4,01/12/2021,7,4_early_fourth_instar,0,84,52
MM,4,01/12/2021,7,5_late_fourth_instar,0,84,52
MM,4,01/12/2021,7,6_exuviea,0,84,52
LA1840,5,01/12/2021,7,1_first_instar,0,57,40
LA1840,5,01/12/2021,7,2_second_instar,0,57,40
LA1840,5,01/12/2021,7,3_third_instar,0,57,40
LA1840,5,01/12/2021,7,4_early_fourth_instar,0,57,40
LA1840,5,01/12/2021,7,5_late_fourth_instar,0,57,40
LA1840,5,01/12/2021,7,6_exuviea,0,57,40
LA1840,6,01/12/2021,7,1_first_instar,0,74,39
LA1840,6,01/12/2021,7,2_second_instar,0,74,39
LA1840,6,01/12/2021,7,3_third_instar,0,74,39
LA1840,6,01/12/2021,7,4_early_fourth_instar,0,74,39
LA1840,6,01/12/2021,7,5_late_fourth_instar,0,74,39
LA1840,6,01/12/2021,7,6_exuviea,0,74,39
LA1840,7,01/12/2021,7,1_first_instar,0,89,57
LA1840,7,01/12/2021,7,2_second_instar,0,89,57
LA1840,7,01/12/2021,7,3_third_instar,0,89,57
LA1840,7,01/12/2021,7,4_early_fourth_instar,0,89,57
LA1840,7,01/12/2021,7,5_late_fourth_instar,0,89,57
LA1840,7,01/12/2021,7,6_exuviea,0,89,57
MM,8,01/12/2021,7,1_first_instar,0,43,29
MM,8,01/12/2021,7,2_second_instar,0,43,29
MM,8,01/12/2021,7,3_third_instar,0,43,29
MM,8,01/12/2021,7,4_early_fourth_instar,0,43,29
MM,8,01/12/2021,7,5_late_fourth_instar,0,43,29
MM,8,01/12/2021,7,6_exuviea,0,43,29
MM,9,01/12/2021,7,1_first_instar,0,49,19
MM,9,01/12/2021,7,2_second_instar,0,49,19
MM,9,01/12/2021,7,3_third_instar,0,49,19
MM,9,01/12/2021,7,4_early_fourth_instar,0,49,19
MM,9,01/12/2021,7,5_late_fourth_instar,0,49,19
MM,9,01/12/2021,7,6_exuviea,0,49,19
MM,10,01/12/2021,7,1_first_instar,0,56,25
MM,10,01/12/2021,7,2_second_instar,0,56,25
MM,10,01/12/2021,7,3_third_instar,0,56,25
MM,10,01/12/2021,7,4_early_fourth_instar,0,56,25
MM,10,01/12/2021,7,5_late_fourth_instar,0,56,25
MM,10,01/12/2021,7,6_exuviea,0,56,25
LA1840,11,01/12/2021,7,1_first_instar,0,68,43
LA1840,11,01/12/2021,7,2_second_instar,0,68,43
LA1840,11,01/12/2021,7,3_third_instar,0,68,43
LA1840,11,01/12/2021,7,4_early_fourth_instar,0,68,43
LA1840,11,01/12/2021,7,5_late_fourth_instar,0,68,43
LA1840,11,01/12/2021,7,6_exuviea,0,68,43
LA1840,12,01/12/2021,7,1_first_instar,0,68,48
LA1840,12,01/12/2021,7,2_second_instar,0,68,48
LA1840,12,01/12/2021,7,3_third_instar,0,68,48
LA1840,12,01/12/2021,7,4_early_fourth_instar,0,68,48
LA1840,12,01/12/2021,7,5_late_fourth_instar,0,68,48
LA1840,12,01/12/2021,7,6_exuviea,0,68,48
LA1840,13,01/12/2021,7,1_first_instar,0,49,24
LA1840,13,01/12/2021,7,2_second_instar,0,49,24
LA1840,13,01/12/2021,7,3_third_instar,0,49,24
LA1840,13,01/12/2021,7,4_early_fourth_instar,0,49,24
LA1840,13,01/12/2021,7,5_late_fourth_instar,0,49,24
LA1840,13,01/12/2021,7,6_exuviea,0,49,24
MM,14,01/12/2021,7,1_first_instar,0,36,23
MM,14,01/12/2021,7,2_second_instar,0,36,23
MM,14,01/12/2021,7,3_third_instar,0,36,23
MM,14,01/12/2021,7,4_early_fourth_instar,0,36,23
MM,14,01/12/2021,7,5_late_fourth_instar,0,36,23
MM,14,01/12/2021,7,6_exuviea,0,36,23
LA1840,1,03/12/2021,9,1_first_instar,4,60,40
LA1840,1,03/12/2021,9,2_second_instar,0,60,40
LA1840,1,03/12/2021,9,3_third_instar,0,60,40
LA1840,1,03/12/2021,9,4_early_fourth_instar,0,60,40
LA1840,1,03/12/2021,9,5_late_fourth_instar,0,60,40
LA1840,1,03/12/2021,9,6_exuviea,0,60,40
MM,2,03/12/2021,9,1_first_instar,11,66,46
MM,2,03/12/2021,9,2_second_instar,0,66,46
MM,2,03/12/2021,9,3_third_instar,0,66,46
MM,2,03/12/2021,9,4_early_fourth_instar,0,66,46
MM,2,03/12/2021,9,5_late_fourth_instar,0,66,46
MM,2,03/12/2021,9,6_exuviea,0,66,46
MM,3,03/12/2021,9,1_first_instar,1,60,39
MM,3,03/12/2021,9,2_second_instar,0,60,39
MM,3,03/12/2021,9,3_third_instar,0,60,39
MM,3,03/12/2021,9,4_early_fourth_instar,0,60,39
MM,3,03/12/2021,9,5_late_fourth_instar,0,60,39
MM,3,03/12/2021,9,6_exuviea,0,60,39
MM,4,03/12/2021,9,1_first_instar,25,84,52
MM,4,03/12/2021,9,2_second_instar,0,84,52
MM,4,03/12/2021,9,3_third_instar,0,84,52
MM,4,03/12/2021,9,4_early_fourth_instar,0,84,52
MM,4,03/12/2021,9,5_late_fourth_instar,0,84,52
MM,4,03/12/2021,9,6_exuviea,0,84,52
LA1840,5,03/12/2021,9,1_first_instar,15,57,40
LA1840,5,03/12/2021,9,2_second_instar,0,57,40
LA1840,5,03/12/2021,9,3_third_instar,0,57,40
LA1840,5,03/12/2021,9,4_early_fourth_instar,0,57,40
LA1840,5,03/12/2021,9,5_late_fourth_instar,0,57,40
LA1840,5,03/12/2021,9,6_exuviea,0,57,40
LA1840,6,03/12/2021,9,1_first_instar,8,74,39
LA1840,6,03/12/2021,9,2_second_instar,0,74,39
LA1840,6,03/12/2021,9,3_third_instar,0,74,39
LA1840,6,03/12/2021,9,4_early_fourth_instar,0,74,39
LA1840,6,03/12/2021,9,5_late_fourth_instar,0,74,39
LA1840,6,03/12/2021,9,6_exuviea,0,74,39
LA1840,7,03/12/2021,9,1_first_instar,37,89,57
LA1840,7,03/12/2021,9,2_second_instar,0,89,57
LA1840,7,03/12/2021,9,3_third_instar,0,89,57
LA1840,7,03/12/2021,9,4_early_fourth_instar,0,89,57
LA1840,7,03/12/2021,9,5_late_fourth_instar,0,89,57
LA1840,7,03/12/2021,9,6_exuviea,0,89,57
MM,8,03/12/2021,9,1_first_instar,12,43,29
MM,8,03/12/2021,9,2_second_instar,0,43,29
MM,8,03/12/2021,9,3_third_instar,0,43,29
MM,8,03/12/2021,9,4_early_fourth_instar,0,43,29
MM,8,03/12/2021,9,5_late_fourth_instar,0,43,29
MM,8,03/12/2021,9,6_exuviea,0,43,29
MM,9,03/12/2021,9,1_first_instar,6,49,19
MM,9,03/12/2021,9,2_second_instar,0,49,19
MM,9,03/12/2021,9,3_third_instar,0,49,19
MM,9,03/12/2021,9,4_early_fourth_instar,0,49,19
MM,9,03/12/2021,9,5_late_fourth_instar,0,49,19
MM,9,03/12/2021,9,6_exuviea,0,49,19
MM,10,03/12/2021,9,1_first_instar,12,56,25
MM,10,03/12/2021,9,2_second_instar,0,56,25
MM,10,03/12/2021,9,3_third_instar,0,56,25
MM,10,03/12/2021,9,4_early_fourth_instar,0,56,25
MM,10,03/12/2021,9,5_late_fourth_instar,0,56,25
MM,10,03/12/2021,9,6_exuviea,0,56,25
LA1840,11,03/12/2021,9,1_first_instar,34,68,43
LA1840,11,03/12/2021,9,2_second_instar,0,68,43
LA1840,11,03/12/2021,9,3_third_instar,0,68,43
LA1840,11,03/12/2021,9,4_early_fourth_instar,0,68,43
LA1840,11,03/12/2021,9,5_late_fourth_instar,0,68,43
LA1840,11,03/12/2021,9,6_exuviea,0,68,43
LA1840,12,03/12/2021,9,1_first_instar,16,68,48
LA1840,12,03/12/2021,9,2_second_instar,0,68,48
LA1840,12,03/12/2021,9,3_third_instar,0,68,48
LA1840,12,03/12/2021,9,4_early_fourth_instar,0,68,48
LA1840,12,03/12/2021,9,5_late_fourth_instar,0,68,48
LA1840,12,03/12/2021,9,6_exuviea,0,68,48
LA1840,13,03/12/2021,9,1_first_instar,16,49,24
LA1840,13,03/12/2021,9,2_second_instar,0,49,24
LA1840,13,03/12/2021,9,3_third_instar,0,49,24
LA1840,13,03/12/2021,9,4_early_fourth_instar,0,49,24
LA1840,13,03/12/2021,9,5_late_fourth_instar,0,49,24
LA1840,13,03/12/2021,9,6_exuviea,0,49,24
MM,14,03/12/2021,9,1_first_instar,1,36,23
MM,14,03/12/2021,9,2_second_instar,0,36,23
MM,14,03/12/2021,9,3_third_instar,0,36,23
MM,14,03/12/2021,9,4_early_fourth_instar,0,36,23
MM,14,03/12/2021,9,5_late_fourth_instar,0,36,23
MM,14,03/12/2021,9,6_exuviea,0,36,23
LA1840,1,05/12/2021,11,1_first_instar,36,60,40
LA1840,1,05/12/2021,11,2_second_instar,0,60,40
LA1840,1,05/12/2021,11,3_third_instar,0,60,40
LA1840,1,05/12/2021,11,4_early_fourth_instar,0,60,40
LA1840,1,05/12/2021,11,5_late_fourth_instar,0,60,40
LA1840,1,05/12/2021,11,6_exuviea,0,60,40
MM,2,05/12/2021,11,1_first_instar,42,66,46
MM,2,05/12/2021,11,2_second_instar,2,66,46
MM,2,05/12/2021,11,3_third_instar,0,66,46
MM,2,05/12/2021,11,4_early_fourth_instar,0,66,46
MM,2,05/12/2021,11,5_late_fourth_instar,0,66,46
MM,2,05/12/2021,11,6_exuviea,0,66,46
MM,3,05/12/2021,11,1_first_instar,37,60,39
MM,3,05/12/2021,11,2_second_instar,0,60,39
MM,3,05/12/2021,11,3_third_instar,0,60,39
MM,3,05/12/2021,11,4_early_fourth_instar,0,60,39
MM,3,05/12/2021,11,5_late_fourth_instar,0,60,39
MM,3,05/12/2021,11,6_exuviea,0,60,39
MM,4,05/12/2021,11,1_first_instar,50,84,52
MM,4,05/12/2021,11,2_second_instar,2,84,52
MM,4,05/12/2021,11,3_third_instar,0,84,52
MM,4,05/12/2021,11,4_early_fourth_instar,0,84,52
MM,4,05/12/2021,11,5_late_fourth_instar,0,84,52
MM,4,05/12/2021,11,6_exuviea,0,84,52
LA1840,5,05/12/2021,11,1_first_instar,36,57,40
LA1840,5,05/12/2021,11,2_second_instar,1,57,40
LA1840,5,05/12/2021,11,3_third_instar,0,57,40
LA1840,5,05/12/2021,11,4_early_fourth_instar,0,57,40
LA1840,5,05/12/2021,11,5_late_fourth_instar,0,57,40
LA1840,5,05/12/2021,11,6_exuviea,0,57,40
LA1840,6,05/12/2021,11,1_first_instar,37,74,39
LA1840,6,05/12/2021,11,2_second_instar,0,74,39
LA1840,6,05/12/2021,11,3_third_instar,0,74,39
LA1840,6,05/12/2021,11,4_early_fourth_instar,0,74,39
LA1840,6,05/12/2021,11,5_late_fourth_instar,0,74,39
LA1840,6,05/12/2021,11,6_exuviea,0,74,39
LA1840,7,05/12/2021,11,1_first_instar,50,89,57
LA1840,7,05/12/2021,11,2_second_instar,4,89,57
LA1840,7,05/12/2021,11,3_third_instar,0,89,57
LA1840,7,05/12/2021,11,4_early_fourth_instar,0,89,57
LA1840,7,05/12/2021,11,5_late_fourth_instar,0,89,57
LA1840,7,05/12/2021,11,6_exuviea,0,89,57
MM,8,05/12/2021,11,1_first_instar,24,43,29
MM,8,05/12/2021,11,2_second_instar,1,43,29
MM,8,05/12/2021,11,3_third_instar,0,43,29
MM,8,05/12/2021,11,4_early_fourth_instar,0,43,29
MM,8,05/12/2021,11,5_late_fourth_instar,0,43,29
MM,8,05/12/2021,11,6_exuviea,0,43,29
MM,9,05/12/2021,11,1_first_instar,19,49,19
MM,9,05/12/2021,11,2_second_instar,0,49,19
MM,9,05/12/2021,11,3_third_instar,0,49,19
MM,9,05/12/2021,11,4_early_fourth_instar,0,49,19
MM,9,05/12/2021,11,5_late_fourth_instar,0,49,19
MM,9,05/12/2021,11,6_exuviea,0,49,19
MM,10,05/12/2021,11,1_first_instar,24,56,25
MM,10,05/12/2021,11,2_second_instar,1,56,25
MM,10,05/12/2021,11,3_third_instar,0,56,25
MM,10,05/12/2021,11,4_early_fourth_instar,0,56,25
MM,10,05/12/2021,11,5_late_fourth_instar,0,56,25
MM,10,05/12/2021,11,6_exuviea,0,56,25
LA1840,11,05/12/2021,11,1_first_instar,43,68,43
LA1840,11,05/12/2021,11,2_second_instar,0,68,43
LA1840,11,05/12/2021,11,3_third_instar,0,68,43
LA1840,11,05/12/2021,11,4_early_fourth_instar,0,68,43
LA1840,11,05/12/2021,11,5_late_fourth_instar,0,68,43
LA1840,11,05/12/2021,11,6_exuviea,0,68,43
LA1840,12,05/12/2021,11,1_first_instar,44,68,48
LA1840,12,05/12/2021,11,2_second_instar,2,68,48
LA1840,12,05/12/2021,11,3_third_instar,0,68,48
LA1840,12,05/12/2021,11,4_early_fourth_instar,0,68,48
LA1840,12,05/12/2021,11,5_late_fourth_instar,0,68,48
LA1840,12,05/12/2021,11,6_exuviea,0,68,48
LA1840,13,05/12/2021,11,1_first_instar,19,49,24
LA1840,13,05/12/2021,11,2_second_instar,1,49,24
LA1840,13,05/12/2021,11,3_third_instar,0,49,24
LA1840,13,05/12/2021,11,4_early_fourth_instar,0,49,24
LA1840,13,05/12/2021,11,5_late_fourth_instar,0,49,24
LA1840,13,05/12/2021,11,6_exuviea,0,49,24
MM,14,05/12/2021,11,1_first_instar,23,36,23
MM,14,05/12/2021,11,2_second_instar,0,36,23
MM,14,05/12/2021,11,3_third_instar,0,36,23
MM,14,05/12/2021,11,4_early_fourth_instar,0,36,23
MM,14,05/12/2021,11,5_late_fourth_instar,0,36,23
MM,14,05/12/2021,11,6_exuviea,0,36,23
LA1840,1,07/12/2021,13,1_first_instar,33,60,40
LA1840,1,07/12/2021,13,2_second_instar,4,60,40
LA1840,1,07/12/2021,13,3_third_instar,0,60,40
LA1840,1,07/12/2021,13,4_early_fourth_instar,0,60,40
LA1840,1,07/12/2021,13,5_late_fourth_instar,0,60,40
LA1840,1,07/12/2021,13,6_exuviea,0,60,40
MM,2,07/12/2021,13,1_first_instar,42,66,46
MM,2,07/12/2021,13,2_second_instar,2,66,46
MM,2,07/12/2021,13,3_third_instar,0,66,46
MM,2,07/12/2021,13,4_early_fourth_instar,0,66,46
MM,2,07/12/2021,13,5_late_fourth_instar,0,66,46
MM,2,07/12/2021,13,6_exuviea,0,66,46
MM,3,07/12/2021,13,1_first_instar,38,60,39
MM,3,07/12/2021,13,2_second_instar,1,60,39
MM,3,07/12/2021,13,3_third_instar,0,60,39
MM,3,07/12/2021,13,4_early_fourth_instar,0,60,39
MM,3,07/12/2021,13,5_late_fourth_instar,0,60,39
MM,3,07/12/2021,13,6_exuviea,0,60,39
MM,4,07/12/2021,13,1_first_instar,29,84,52
MM,4,07/12/2021,13,2_second_instar,23,84,52
MM,4,07/12/2021,13,3_third_instar,0,84,52
MM,4,07/12/2021,13,4_early_fourth_instar,0,84,52
MM,4,07/12/2021,13,5_late_fourth_instar,0,84,52
MM,4,07/12/2021,13,6_exuviea,0,84,52
LA1840,5,07/12/2021,13,1_first_instar,25,57,40
LA1840,5,07/12/2021,13,2_second_instar,15,57,40
LA1840,5,07/12/2021,13,3_third_instar,0,57,40
LA1840,5,07/12/2021,13,4_early_fourth_instar,0,57,40
LA1840,5,07/12/2021,13,5_late_fourth_instar,0,57,40
LA1840,5,07/12/2021,13,6_exuviea,0,57,40
LA1840,6,07/12/2021,13,1_first_instar,27,74,39
LA1840,6,07/12/2021,13,2_second_instar,12,74,39
LA1840,6,07/12/2021,13,3_third_instar,0,74,39
LA1840,6,07/12/2021,13,4_early_fourth_instar,0,74,39
LA1840,6,07/12/2021,13,5_late_fourth_instar,0,74,39
LA1840,6,07/12/2021,13,6_exuviea,0,74,39
LA1840,7,07/12/2021,13,1_first_instar,35,89,57
LA1840,7,07/12/2021,13,2_second_instar,22,89,57
LA1840,7,07/12/2021,13,3_third_instar,0,89,57
LA1840,7,07/12/2021,13,4_early_fourth_instar,0,89,57
LA1840,7,07/12/2021,13,5_late_fourth_instar,0,89,57
LA1840,7,07/12/2021,13,6_exuviea,0,89,57
MM,8,07/12/2021,13,1_first_instar,18,43,29
MM,8,07/12/2021,13,2_second_instar,9,43,29
MM,8,07/12/2021,13,3_third_instar,0,43,29
MM,8,07/12/2021,13,4_early_fourth_instar,0,43,29
MM,8,07/12/2021,13,5_late_fourth_instar,0,43,29
MM,8,07/12/2021,13,6_exuviea,0,43,29
MM,9,07/12/2021,13,1_first_instar,16,49,19
MM,9,07/12/2021,13,2_second_instar,3,49,19
MM,9,07/12/2021,13,3_third_instar,0,49,19
MM,9,07/12/2021,13,4_early_fourth_instar,0,49,19
MM,9,07/12/2021,13,5_late_fourth_instar,0,49,19
MM,9,07/12/2021,13,6_exuviea,0,49,19
MM,10,07/12/2021,13,1_first_instar,13,56,25
MM,10,07/12/2021,13,2_second_instar,12,56,25
MM,10,07/12/2021,13,3_third_instar,0,56,25
MM,10,07/12/2021,13,4_early_fourth_instar,0,56,25
MM,10,07/12/2021,13,5_late_fourth_instar,0,56,25
MM,10,07/12/2021,13,6_exuviea,0,56,25
LA1840,11,07/12/2021,13,1_first_instar,29,68,43
LA1840,11,07/12/2021,13,2_second_instar,14,68,43
LA1840,11,07/12/2021,13,3_third_instar,0,68,43
LA1840,11,07/12/2021,13,4_early_fourth_instar,0,68,43
LA1840,11,07/12/2021,13,5_late_fourth_instar,0,68,43
LA1840,11,07/12/2021,13,6_exuviea,0,68,43
LA1840,12,07/12/2021,13,1_first_instar,28,68,48
LA1840,12,07/12/2021,13,2_second_instar,19,68,48
LA1840,12,07/12/2021,13,3_third_instar,0,68,48
LA1840,12,07/12/2021,13,4_early_fourth_instar,0,68,48
LA1840,12,07/12/2021,13,5_late_fourth_instar,0,68,48
LA1840,12,07/12/2021,13,6_exuviea,0,68,48
LA1840,13,07/12/2021,13,1_first_instar,10,49,24
LA1840,13,07/12/2021,13,2_second_instar,12,49,24
LA1840,13,07/12/2021,13,3_third_instar,0,49,24
LA1840,13,07/12/2021,13,4_early_fourth_instar,0,49,24
LA1840,13,07/12/2021,13,5_late_fourth_instar,0,49,24
LA1840,13,07/12/2021,13,6_exuviea,0,49,24
MM,14,07/12/2021,13,1_first_instar,20,36,23
MM,14,07/12/2021,13,2_second_instar,3,36,23
MM,14,07/12/2021,13,3_third_instar,0,36,23
MM,14,07/12/2021,13,4_early_fourth_instar,0,36,23
MM,14,07/12/2021,13,5_late_fourth_instar,0,36,23
MM,14,07/12/2021,13,6_exuviea,0,36,23
LA1840,1,09/12/2021,15,1_first_instar,21,60,40
LA1840,1,09/12/2021,15,2_second_instar,16,60,40
LA1840,1,09/12/2021,15,3_third_instar,2,60,40
LA1840,1,09/12/2021,15,4_early_fourth_instar,0,60,40
LA1840,1,09/12/2021,15,5_late_fourth_instar,0,60,40
LA1840,1,09/12/2021,15,6_exuviea,0,60,40
MM,2,09/12/2021,15,1_first_instar,24,66,46
MM,2,09/12/2021,15,2_second_instar,18,66,46
MM,2,09/12/2021,15,3_third_instar,4,66,46
MM,2,09/12/2021,15,4_early_fourth_instar,0,66,46
MM,2,09/12/2021,15,5_late_fourth_instar,0,66,46
MM,2,09/12/2021,15,6_exuviea,0,66,46
MM,3,09/12/2021,15,1_first_instar,18,60,39
MM,3,09/12/2021,15,2_second_instar,18,60,39
MM,3,09/12/2021,15,3_third_instar,2,60,39
MM,3,09/12/2021,15,4_early_fourth_instar,0,60,39
MM,3,09/12/2021,15,5_late_fourth_instar,0,60,39
MM,3,09/12/2021,15,6_exuviea,0,60,39
MM,4,09/12/2021,15,1_first_instar,5,84,52
MM,4,09/12/2021,15,2_second_instar,30,84,52
MM,4,09/12/2021,15,3_third_instar,10,84,52
MM,4,09/12/2021,15,4_early_fourth_instar,0,84,52
MM,4,09/12/2021,15,5_late_fourth_instar,0,84,52
MM,4,09/12/2021,15,6_exuviea,0,84,52
LA1840,5,09/12/2021,15,1_first_instar,19,57,40
LA1840,5,09/12/2021,15,2_second_instar,16,57,40
LA1840,5,09/12/2021,15,3_third_instar,4,57,40
LA1840,5,09/12/2021,15,4_early_fourth_instar,0,57,40
LA1840,5,09/12/2021,15,5_late_fourth_instar,0,57,40
LA1840,5,09/12/2021,15,6_exuviea,0,57,40
LA1840,6,09/12/2021,15,1_first_instar,10,74,39
LA1840,6,09/12/2021,15,2_second_instar,22,74,39
LA1840,6,09/12/2021,15,3_third_instar,4,74,39
LA1840,6,09/12/2021,15,4_early_fourth_instar,0,74,39
LA1840,6,09/12/2021,15,5_late_fourth_instar,0,74,39
LA1840,6,09/12/2021,15,6_exuviea,0,74,39
LA1840,7,09/12/2021,15,1_first_instar,3,89,57
LA1840,7,09/12/2021,15,2_second_instar,47,89,57
LA1840,7,09/12/2021,15,3_third_instar,2,89,57
LA1840,7,09/12/2021,15,4_early_fourth_instar,0,89,57
LA1840,7,09/12/2021,15,5_late_fourth_instar,0,89,57
LA1840,7,09/12/2021,15,6_exuviea,0,89,57
MM,8,09/12/2021,15,1_first_instar,2,43,29
MM,8,09/12/2021,15,2_second_instar,19,43,29
MM,8,09/12/2021,15,3_third_instar,7,43,29
MM,8,09/12/2021,15,4_early_fourth_instar,0,43,29
MM,8,09/12/2021,15,5_late_fourth_instar,0,43,29
MM,8,09/12/2021,15,6_exuviea,0,43,29
MM,9,09/12/2021,15,1_first_instar,4,49,19
MM,9,09/12/2021,15,2_second_instar,14,49,19
MM,9,09/12/2021,15,3_third_instar,0,49,19
MM,9,09/12/2021,15,4_early_fourth_instar,0,49,19
MM,9,09/12/2021,15,5_late_fourth_instar,0,49,19
MM,9,09/12/2021,15,6_exuviea,0,49,19
MM,10,09/12/2021,15,1_first_instar,8,56,25
MM,10,09/12/2021,15,2_second_instar,7,56,25
MM,10,09/12/2021,15,3_third_instar,9,56,25
MM,10,09/12/2021,15,4_early_fourth_instar,0,56,25
MM,10,09/12/2021,15,5_late_fourth_instar,0,56,25
MM,10,09/12/2021,15,6_exuviea,0,56,25
LA1840,11,09/12/2021,15,1_first_instar,8,68,43
LA1840,11,09/12/2021,15,2_second_instar,32,68,43
LA1840,11,09/12/2021,15,3_third_instar,2,68,43
LA1840,11,09/12/2021,15,4_early_fourth_instar,0,68,43
LA1840,11,09/12/2021,15,5_late_fourth_instar,0,68,43
LA1840,11,09/12/2021,15,6_exuviea,0,68,43
LA1840,12,09/12/2021,15,1_first_instar,8,68,48
LA1840,12,09/12/2021,15,2_second_instar,38,68,48
LA1840,12,09/12/2021,15,3_third_instar,2,68,48
LA1840,12,09/12/2021,15,4_early_fourth_instar,0,68,48
LA1840,12,09/12/2021,15,5_late_fourth_instar,0,68,48
LA1840,12,09/12/2021,15,6_exuviea,0,68,48
LA1840,13,09/12/2021,15,1_first_instar,5,49,24
LA1840,13,09/12/2021,15,2_second_instar,19,49,24
LA1840,13,09/12/2021,15,3_third_instar,0,49,24
LA1840,13,09/12/2021,15,4_early_fourth_instar,0,49,24
LA1840,13,09/12/2021,15,5_late_fourth_instar,0,49,24
LA1840,13,09/12/2021,15,6_exuviea,0,49,24
MM,14,09/12/2021,15,1_first_instar,8,36,23
MM,14,09/12/2021,15,2_second_instar,14,36,23
MM,14,09/12/2021,15,3_third_instar,0,36,23
MM,14,09/12/2021,15,4_early_fourth_instar,0,36,23
MM,14,09/12/2021,15,5_late_fourth_instar,0,36,23
MM,14,09/12/2021,15,6_exuviea,0,36,23
LA1840,1,11/12/2021,17,1_first_instar,7,60,40
LA1840,1,11/12/2021,17,2_second_instar,15,60,40
LA1840,1,11/12/2021,17,3_third_instar,14,60,40
LA1840,1,11/12/2021,17,4_early_fourth_instar,2,60,40
LA1840,1,11/12/2021,17,5_late_fourth_instar,0,60,40
LA1840,1,11/12/2021,17,6_exuviea,0,60,40
MM,2,11/12/2021,17,1_first_instar,0,66,46
MM,2,11/12/2021,17,2_second_instar,21,66,46
MM,2,11/12/2021,17,3_third_instar,20,66,46
MM,2,11/12/2021,17,4_early_fourth_instar,4,66,46
MM,2,11/12/2021,17,5_late_fourth_instar,0,66,46
MM,2,11/12/2021,17,6_exuviea,0,66,46
MM,3,11/12/2021,17,1_first_instar,3,60,39
MM,3,11/12/2021,17,2_second_instar,21,60,39
MM,3,11/12/2021,17,3_third_instar,13,60,39
MM,3,11/12/2021,17,4_early_fourth_instar,2,60,39
MM,3,11/12/2021,17,5_late_fourth_instar,0,60,39
MM,3,11/12/2021,17,6_exuviea,0,60,39
MM,4,11/12/2021,17,1_first_instar,1,84,52
MM,4,11/12/2021,17,2_second_instar,15,84,52
MM,4,11/12/2021,17,3_third_instar,23,84,52
MM,4,11/12/2021,17,4_early_fourth_instar,10,84,52
MM,4,11/12/2021,17,5_late_fourth_instar,0,84,52
MM,4,11/12/2021,17,6_exuviea,0,84,52
LA1840,5,11/12/2021,17,1_first_instar,5,57,40
LA1840,5,11/12/2021,17,2_second_instar,12,57,40
LA1840,5,11/12/2021,17,3_third_instar,17,57,40
LA1840,5,11/12/2021,17,4_early_fourth_instar,4,57,40
LA1840,5,11/12/2021,17,5_late_fourth_instar,0,57,40
LA1840,5,11/12/2021,17,6_exuviea,0,57,40
LA1840,6,11/12/2021,17,1_first_instar,2,74,39
LA1840,6,11/12/2021,17,2_second_instar,9,74,39
LA1840,6,11/12/2021,17,3_third_instar,21,74,39
LA1840,6,11/12/2021,17,4_early_fourth_instar,4,74,39
LA1840,6,11/12/2021,17,5_late_fourth_instar,0,74,39
LA1840,6,11/12/2021,17,6_exuviea,0,74,39
LA1840,7,11/12/2021,17,1_first_instar,0,89,57
LA1840,7,11/12/2021,17,2_second_instar,20,89,57
LA1840,7,11/12/2021,17,3_third_instar,29,89,57
LA1840,7,11/12/2021,17,4_early_fourth_instar,2,89,57
LA1840,7,11/12/2021,17,5_late_fourth_instar,0,89,57
LA1840,7,11/12/2021,17,6_exuviea,0,89,57
MM,8,11/12/2021,17,1_first_instar,3,43,29
MM,8,11/12/2021,17,2_second_instar,7,43,29
MM,8,11/12/2021,17,3_third_instar,12,43,29
MM,8,11/12/2021,17,4_early_fourth_instar,7,43,29
MM,8,11/12/2021,17,5_late_fourth_instar,0,43,29
MM,8,11/12/2021,17,6_exuviea,0,43,29
MM,9,11/12/2021,17,1_first_instar,2,49,19
MM,9,11/12/2021,17,2_second_instar,12,49,19
MM,9,11/12/2021,17,3_third_instar,5,49,19
MM,9,11/12/2021,17,4_early_fourth_instar,0,49,19
MM,9,11/12/2021,17,5_late_fourth_instar,0,49,19
MM,9,11/12/2021,17,6_exuviea,0,49,19
MM,10,11/12/2021,17,1_first_instar,0,56,25
MM,10,11/12/2021,17,2_second_instar,5,56,25
MM,10,11/12/2021,17,3_third_instar,10,56,25
MM,10,11/12/2021,17,4_early_fourth_instar,9,56,25
MM,10,11/12/2021,17,5_late_fourth_instar,0,56,25
MM,10,11/12/2021,17,6_exuviea,0,56,25
LA1840,11,11/12/2021,17,1_first_instar,1,68,43
LA1840,11,11/12/2021,17,2_second_instar,15,68,43
LA1840,11,11/12/2021,17,3_third_instar,24,68,43
LA1840,11,11/12/2021,17,4_early_fourth_instar,2,68,43
LA1840,11,11/12/2021,17,5_late_fourth_instar,0,68,43
LA1840,11,11/12/2021,17,6_exuviea,0,68,43
LA1840,12,11/12/2021,17,1_first_instar,1,68,48
LA1840,12,11/12/2021,17,2_second_instar,18,68,48
LA1840,12,11/12/2021,17,3_third_instar,25,68,48
LA1840,12,11/12/2021,17,4_early_fourth_instar,2,68,48
LA1840,12,11/12/2021,17,5_late_fourth_instar,0,68,48
LA1840,12,11/12/2021,17,6_exuviea,0,68,48
LA1840,13,11/12/2021,17,1_first_instar,3,49,24
LA1840,13,11/12/2021,17,2_second_instar,11,49,24
LA1840,13,11/12/2021,17,3_third_instar,9,49,24
LA1840,13,11/12/2021,17,4_early_fourth_instar,0,49,24
LA1840,13,11/12/2021,17,5_late_fourth_instar,0,49,24
LA1840,13,11/12/2021,17,6_exuviea,0,49,24
MM,14,11/12/2021,17,1_first_instar,3,36,23
MM,14,11/12/2021,17,2_second_instar,8,36,23
MM,14,11/12/2021,17,3_third_instar,12,36,23
MM,14,11/12/2021,17,4_early_fourth_instar,0,36,23
MM,14,11/12/2021,17,5_late_fourth_instar,0,36,23
MM,14,11/12/2021,17,6_exuviea,0,36,23
LA1840,1,13/12/2021,19,1_first_instar,4,60,40
LA1840,1,13/12/2021,19,2_second_instar,15,60,40
LA1840,1,13/12/2021,19,3_third_instar,20,60,40
LA1840,1,13/12/2021,19,4_early_fourth_instar,1,60,40
LA1840,1,13/12/2021,19,5_late_fourth_instar,0,60,40
LA1840,1,13/12/2021,19,6_exuviea,0,60,40
MM,2,13/12/2021,19,1_first_instar,1,66,46
MM,2,13/12/2021,19,2_second_instar,6,66,46
MM,2,13/12/2021,19,3_third_instar,22,66,46
MM,2,13/12/2021,19,4_early_fourth_instar,15,66,46
MM,2,13/12/2021,19,5_late_fourth_instar,0,66,46
MM,2,13/12/2021,19,6_exuviea,0,66,46
MM,3,13/12/2021,19,1_first_instar,0,60,39
MM,3,13/12/2021,19,2_second_instar,11,60,39
MM,3,13/12/2021,19,3_third_instar,16,60,39
MM,3,13/12/2021,19,4_early_fourth_instar,11,60,39
MM,3,13/12/2021,19,5_late_fourth_instar,0,60,39
MM,3,13/12/2021,19,6_exuviea,0,60,39
MM,4,13/12/2021,19,1_first_instar,0,84,52
MM,4,13/12/2021,19,2_second_instar,5,84,52
MM,4,13/12/2021,19,3_third_instar,15,84,52
MM,4,13/12/2021,19,4_early_fourth_instar,24,84,52
MM,4,13/12/2021,19,5_late_fourth_instar,1,84,52
MM,4,13/12/2021,19,6_exuviea,0,84,52
LA1840,5,13/12/2021,19,1_first_instar,5,57,40
LA1840,5,13/12/2021,19,2_second_instar,9,57,40
LA1840,5,13/12/2021,19,3_third_instar,22,57,40
LA1840,5,13/12/2021,19,4_early_fourth_instar,1,57,40
LA1840,5,13/12/2021,19,5_late_fourth_instar,0,57,40
LA1840,5,13/12/2021,19,6_exuviea,0,57,40
LA1840,6,13/12/2021,19,1_first_instar,3,74,39
LA1840,6,13/12/2021,19,2_second_instar,6,74,39
LA1840,6,13/12/2021,19,3_third_instar,24,74,39
LA1840,6,13/12/2021,19,4_early_fourth_instar,4,74,39
LA1840,6,13/12/2021,19,5_late_fourth_instar,0,74,39
LA1840,6,13/12/2021,19,6_exuviea,0,74,39
LA1840,7,13/12/2021,19,1_first_instar,1,89,57
LA1840,7,13/12/2021,19,2_second_instar,16,89,57
LA1840,7,13/12/2021,19,3_third_instar,32,89,57
LA1840,7,13/12/2021,19,4_early_fourth_instar,6,89,57
LA1840,7,13/12/2021,19,5_late_fourth_instar,0,89,57
LA1840,7,13/12/2021,19,6_exuviea,0,89,57
MM,8,13/12/2021,19,1_first_instar,1,43,29
MM,8,13/12/2021,19,2_second_instar,5,43,29
MM,8,13/12/2021,19,3_third_instar,14,43,29
MM,8,13/12/2021,19,4_early_fourth_instar,8,43,29
MM,8,13/12/2021,19,5_late_fourth_instar,0,43,29
MM,8,13/12/2021,19,6_exuviea,0,43,29
MM,9,13/12/2021,19,1_first_instar,0,49,19
MM,9,13/12/2021,19,2_second_instar,3,49,19
MM,9,13/12/2021,19,3_third_instar,9,49,19
MM,9,13/12/2021,19,4_early_fourth_instar,5,49,19
MM,9,13/12/2021,19,5_late_fourth_instar,0,49,19
MM,9,13/12/2021,19,6_exuviea,0,49,19
MM,10,13/12/2021,19,1_first_instar,0,56,25
MM,10,13/12/2021,19,2_second_instar,1,56,25
MM,10,13/12/2021,19,3_third_instar,16,56,25
MM,10,13/12/2021,19,4_early_fourth_instar,6,56,25
MM,10,13/12/2021,19,5_late_fourth_instar,0,56,25
MM,10,13/12/2021,19,6_exuviea,0,56,25
LA1840,11,13/12/2021,19,1_first_instar,1,68,43
LA1840,11,13/12/2021,19,2_second_instar,9,68,43
LA1840,11,13/12/2021,19,3_third_instar,20,68,43
LA1840,11,13/12/2021,19,4_early_fourth_instar,12,68,43
LA1840,11,13/12/2021,19,5_late_fourth_instar,0,68,43
LA1840,11,13/12/2021,19,6_exuviea,0,68,43
LA1840,12,13/12/2021,19,1_first_instar,2,68,48
LA1840,12,13/12/2021,19,2_second_instar,8,68,48
LA1840,12,13/12/2021,19,3_third_instar,23,68,48
LA1840,12,13/12/2021,19,4_early_fourth_instar,13,68,48
LA1840,12,13/12/2021,19,5_late_fourth_instar,0,68,48
LA1840,12,13/12/2021,19,6_exuviea,0,68,48
LA1840,13,13/12/2021,19,1_first_instar,2,49,24
LA1840,13,13/12/2021,19,2_second_instar,5,49,24
LA1840,13,13/12/2021,19,3_third_instar,14,49,24
LA1840,13,13/12/2021,19,4_early_fourth_instar,1,49,24
LA1840,13,13/12/2021,19,5_late_fourth_instar,0,49,24
LA1840,13,13/12/2021,19,6_exuviea,0,49,24
MM,14,13/12/2021,19,1_first_instar,0,36,23
MM,14,13/12/2021,19,2_second_instar,8,36,23
MM,14,13/12/2021,19,3_third_instar,11,36,23
MM,14,13/12/2021,19,4_early_fourth_instar,4,36,23
MM,14,13/12/2021,19,5_late_fourth_instar,0,36,23
MM,14,13/12/2021,19,6_exuviea,0,36,23
LA1840,1,15/12/2021,21,1_first_instar,2,60,40
LA1840,1,15/12/2021,21,2_second_instar,6,60,40
LA1840,1,15/12/2021,21,3_third_instar,12,60,40
LA1840,1,15/12/2021,21,4_early_fourth_instar,16,60,40
LA1840,1,15/12/2021,21,5_late_fourth_instar,2,60,40
LA1840,1,15/12/2021,21,6_exuviea,0,60,40
MM,2,15/12/2021,21,1_first_instar,1,66,46
MM,2,15/12/2021,21,2_second_instar,2,66,46
MM,2,15/12/2021,21,3_third_instar,20,66,46
MM,2,15/12/2021,21,4_early_fourth_instar,21,66,46
MM,2,15/12/2021,21,5_late_fourth_instar,0,66,46
MM,2,15/12/2021,21,6_exuviea,0,66,46
MM,3,15/12/2021,21,1_first_instar,0,60,39
MM,3,15/12/2021,21,2_second_instar,4,60,39
MM,3,15/12/2021,21,3_third_instar,17,60,39
MM,3,15/12/2021,21,4_early_fourth_instar,15,60,39
MM,3,15/12/2021,21,5_late_fourth_instar,0,60,39
MM,3,15/12/2021,21,6_exuviea,1,60,39
MM,4,15/12/2021,21,1_first_instar,0,84,52
MM,4,15/12/2021,21,2_second_instar,3,84,52
MM,4,15/12/2021,21,3_third_instar,8,84,52
MM,4,15/12/2021,21,4_early_fourth_instar,17,84,52
MM,4,15/12/2021,21,5_late_fourth_instar,15,84,52
MM,4,15/12/2021,21,6_exuviea,0,84,52
LA1840,5,15/12/2021,21,1_first_instar,2,57,40
LA1840,5,15/12/2021,21,2_second_instar,8,57,40
LA1840,5,15/12/2021,21,3_third_instar,13,57,40
LA1840,5,15/12/2021,21,4_early_fourth_instar,12,57,40
LA1840,5,15/12/2021,21,5_late_fourth_instar,2,57,40
LA1840,5,15/12/2021,21,6_exuviea,0,57,40
LA1840,6,15/12/2021,21,1_first_instar,2,74,39
LA1840,6,15/12/2021,21,2_second_instar,4,74,39
LA1840,6,15/12/2021,21,3_third_instar,15,74,39
LA1840,6,15/12/2021,21,4_early_fourth_instar,12,74,39
LA1840,6,15/12/2021,21,5_late_fourth_instar,3,74,39
LA1840,6,15/12/2021,21,6_exuviea,0,74,39
LA1840,7,15/12/2021,21,1_first_instar,1,89,57
LA1840,7,15/12/2021,21,2_second_instar,8,89,57
LA1840,7,15/12/2021,21,3_third_instar,28,89,57
LA1840,7,15/12/2021,21,4_early_fourth_instar,15,89,57
LA1840,7,15/12/2021,21,5_late_fourth_instar,2,89,57
LA1840,7,15/12/2021,21,6_exuviea,0,89,57
MM,8,15/12/2021,21,1_first_instar,1,43,29
MM,8,15/12/2021,21,2_second_instar,4,43,29
MM,8,15/12/2021,21,3_third_instar,11,43,29
MM,8,15/12/2021,21,4_early_fourth_instar,8,43,29
MM,8,15/12/2021,21,5_late_fourth_instar,4,43,29
MM,8,15/12/2021,21,6_exuviea,0,43,29
MM,9,15/12/2021,21,1_first_instar,0,49,19
MM,9,15/12/2021,21,2_second_instar,1,49,19
MM,9,15/12/2021,21,3_third_instar,6,49,19
MM,9,15/12/2021,21,4_early_fourth_instar,9,49,19
MM,9,15/12/2021,21,5_late_fourth_instar,1,49,19
MM,9,15/12/2021,21,6_exuviea,0,49,19
MM,10,15/12/2021,21,1_first_instar,0,56,25
MM,10,15/12/2021,21,2_second_instar,0,56,25
MM,10,15/12/2021,21,3_third_instar,6,56,25
MM,10,15/12/2021,21,4_early_fourth_instar,12,56,25
MM,10,15/12/2021,21,5_late_fourth_instar,5,56,25
MM,10,15/12/2021,21,6_exuviea,0,56,25
LA1840,11,15/12/2021,21,1_first_instar,0,68,43
LA1840,11,15/12/2021,21,2_second_instar,3,68,43
LA1840,11,15/12/2021,21,3_third_instar,12,68,43
LA1840,11,15/12/2021,21,4_early_fourth_instar,17,68,43
LA1840,11,15/12/2021,21,5_late_fourth_instar,9,68,43
LA1840,11,15/12/2021,21,6_exuviea,0,68,43
LA1840,12,15/12/2021,21,1_first_instar,1,68,48
LA1840,12,15/12/2021,21,2_second_instar,6,68,48
LA1840,12,15/12/2021,21,3_third_instar,10,68,48
LA1840,12,15/12/2021,21,4_early_fourth_instar,18,68,48
LA1840,12,15/12/2021,21,5_late_fourth_instar,11,68,48
LA1840,12,15/12/2021,21,6_exuviea,0,68,48
LA1840,13,15/12/2021,21,1_first_instar,0,49,24
LA1840,13,15/12/2021,21,2_second_instar,4,49,24
LA1840,13,15/12/2021,21,3_third_instar,4,49,24
LA1840,13,15/12/2021,21,4_early_fourth_instar,6,49,24
LA1840,13,15/12/2021,21,5_late_fourth_instar,7,49,24
LA1840,13,15/12/2021,21,6_exuviea,0,49,24
MM,14,15/12/2021,21,1_first_instar,0,36,23
MM,14,15/12/2021,21,2_second_instar,2,36,23
MM,14,15/12/2021,21,3_third_instar,4,36,23
MM,14,15/12/2021,21,4_early_fourth_instar,16,36,23
MM,14,15/12/2021,21,5_late_fourth_instar,0,36,23
MM,14,15/12/2021,21,6_exuviea,0,36,23
LA1840,1,17/12/2021,23,1_first_instar,2,60,40
LA1840,1,17/12/2021,23,2_second_instar,6,60,40
LA1840,1,17/12/2021,23,3_third_instar,12,60,40
LA1840,1,17/12/2021,23,4_early_fourth_instar,8,60,40
LA1840,1,17/12/2021,23,5_late_fourth_instar,8,60,40
LA1840,1,17/12/2021,23,6_exuviea,0,60,40
MM,2,17/12/2021,23,1_first_instar,0,66,46
MM,2,17/12/2021,23,2_second_instar,1,66,46
MM,2,17/12/2021,23,3_third_instar,6,66,46
MM,2,17/12/2021,23,4_early_fourth_instar,24,66,46
MM,2,17/12/2021,23,5_late_fourth_instar,7,66,46
MM,2,17/12/2021,23,6_exuviea,0,66,46
MM,3,17/12/2021,23,1_first_instar,0,60,39
MM,3,17/12/2021,23,2_second_instar,3,60,39
MM,3,17/12/2021,23,3_third_instar,6,60,39
MM,3,17/12/2021,23,4_early_fourth_instar,21,60,39
MM,3,17/12/2021,23,5_late_fourth_instar,3,60,39
MM,3,17/12/2021,23,6_exuviea,0,60,39
MM,4,17/12/2021,23,1_first_instar,0,84,52
MM,4,17/12/2021,23,2_second_instar,0,84,52
MM,4,17/12/2021,23,3_third_instar,1,84,52
MM,4,17/12/2021,23,4_early_fourth_instar,5,84,52
MM,4,17/12/2021,23,5_late_fourth_instar,11,84,52
MM,4,17/12/2021,23,6_exuviea,0,84,52
LA1840,5,17/12/2021,23,1_first_instar,1,57,40
LA1840,5,17/12/2021,23,2_second_instar,7,57,40
LA1840,5,17/12/2021,23,3_third_instar,5,57,40
LA1840,5,17/12/2021,23,4_early_fourth_instar,8,57,40
LA1840,5,17/12/2021,23,5_late_fourth_instar,13,57,40
LA1840,5,17/12/2021,23,6_exuviea,0,57,40
LA1840,6,17/12/2021,23,1_first_instar,2,74,39
LA1840,6,17/12/2021,23,2_second_instar,5,74,39
LA1840,6,17/12/2021,23,3_third_instar,5,74,39
LA1840,6,17/12/2021,23,4_early_fourth_instar,11,74,39
LA1840,6,17/12/2021,23,5_late_fourth_instar,11,74,39
LA1840,6,17/12/2021,23,6_exuviea,0,74,39
LA1840,7,17/12/2021,23,1_first_instar,2,89,57
LA1840,7,17/12/2021,23,2_second_instar,5,89,57
LA1840,7,17/12/2021,23,3_third_instar,6,89,57
LA1840,7,17/12/2021,23,4_early_fourth_instar,32,89,57
LA1840,7,17/12/2021,23,5_late_fourth_instar,6,89,57
LA1840,7,17/12/2021,23,6_exuviea,0,89,57
MM,8,17/12/2021,23,1_first_instar,0,43,29
MM,8,17/12/2021,23,2_second_instar,1,43,29
MM,8,17/12/2021,23,3_third_instar,3,43,29
MM,8,17/12/2021,23,4_early_fourth_instar,13,43,29
MM,8,17/12/2021,23,5_late_fourth_instar,5,43,29
MM,8,17/12/2021,23,6_exuviea,0,43,29
MM,9,17/12/2021,23,1_first_instar,0,49,19
MM,9,17/12/2021,23,2_second_instar,0,49,19
MM,9,17/12/2021,23,3_third_instar,1,49,19
MM,9,17/12/2021,23,4_early_fourth_instar,12,49,19
MM,9,17/12/2021,23,5_late_fourth_instar,3,49,19
MM,9,17/12/2021,23,6_exuviea,0,49,19
MM,10,17/12/2021,23,1_first_instar,0,56,25
MM,10,17/12/2021,23,2_second_instar,0,56,25
MM,10,17/12/2021,23,3_third_instar,1,56,25
MM,10,17/12/2021,23,4_early_fourth_instar,8,56,25
MM,10,17/12/2021,23,5_late_fourth_instar,8,56,25
MM,10,17/12/2021,23,6_exuviea,0,56,25
LA1840,11,17/12/2021,23,1_first_instar,0,68,43
LA1840,11,17/12/2021,23,2_second_instar,3,68,43
LA1840,11,17/12/2021,23,3_third_instar,3,68,43
LA1840,11,17/12/2021,23,4_early_fourth_instar,11,68,43
LA1840,11,17/12/2021,23,5_late_fourth_instar,14,68,43
LA1840,11,17/12/2021,23,6_exuviea,0,68,43
LA1840,12,17/12/2021,23,1_first_instar,0,68,48
LA1840,12,17/12/2021,23,2_second_instar,3,68,48
LA1840,12,17/12/2021,23,3_third_instar,5,68,48
LA1840,12,17/12/2021,23,4_early_fourth_instar,12,68,48
LA1840,12,17/12/2021,23,5_late_fourth_instar,13,68,48
LA1840,12,17/12/2021,23,6_exuviea,0,68,48
LA1840,13,17/12/2021,23,1_first_instar,0,49,24
LA1840,13,17/12/2021,23,2_second_instar,4,49,24
LA1840,13,17/12/2021,23,3_third_instar,4,49,24
LA1840,13,17/12/2021,23,4_early_fourth_instar,1,49,24
LA1840,13,17/12/2021,23,5_late_fourth_instar,6,49,24
LA1840,13,17/12/2021,23,6_exuviea,0,49,24
MM,14,17/12/2021,23,1_first_instar,0,36,23
MM,14,17/12/2021,23,2_second_instar,2,36,23
MM,14,17/12/2021,23,3_third_instar,5,36,23
MM,14,17/12/2021,23,4_early_fourth_instar,12,36,23
MM,14,17/12/2021,23,5_late_fourth_instar,4,36,23
MM,14,17/12/2021,23,6_exuviea,0,36,23
LA1840,1,19/12/2021,25,1_first_instar,1,60,40
LA1840,1,19/12/2021,25,2_second_instar,2,60,40
LA1840,1,19/12/2021,25,3_third_instar,3,60,40
LA1840,1,19/12/2021,25,4_early_fourth_instar,15,60,40
LA1840,1,19/12/2021,25,5_late_fourth_instar,6,60,40
LA1840,1,19/12/2021,25,6_exuviea,0,60,40
MM,2,19/12/2021,25,1_first_instar,0,66,46
MM,2,19/12/2021,25,2_second_instar,0,66,46
MM,2,19/12/2021,25,3_third_instar,0,66,46
MM,2,19/12/2021,25,4_early_fourth_instar,16,66,46
MM,2,19/12/2021,25,5_late_fourth_instar,17,66,46
MM,2,19/12/2021,25,6_exuviea,0,66,46
MM,3,19/12/2021,25,1_first_instar,0,60,39
MM,3,19/12/2021,25,2_second_instar,0,60,39
MM,3,19/12/2021,25,3_third_instar,1,60,39
MM,3,19/12/2021,25,4_early_fourth_instar,18,60,39
MM,3,19/12/2021,25,5_late_fourth_instar,9,60,39
MM,3,19/12/2021,25,6_exuviea,2,60,39
MM,4,19/12/2021,25,1_first_instar,0,84,52
MM,4,19/12/2021,25,2_second_instar,0,84,52
MM,4,19/12/2021,25,3_third_instar,0,84,52
MM,4,19/12/2021,25,4_early_fourth_instar,3,84,52
MM,4,19/12/2021,25,5_late_fourth_instar,3,84,52
MM,4,19/12/2021,25,6_exuviea,0,84,52
LA1840,5,19/12/2021,25,1_first_instar,0,57,40
LA1840,5,19/12/2021,25,2_second_instar,3,57,40
LA1840,5,19/12/2021,25,3_third_instar,4,57,40
LA1840,5,19/12/2021,25,4_early_fourth_instar,10,57,40
LA1840,5,19/12/2021,25,5_late_fourth_instar,2,57,40
LA1840,5,19/12/2021,25,6_exuviea,0,57,40
LA1840,6,19/12/2021,25,1_first_instar,1,74,39
LA1840,6,19/12/2021,25,2_second_instar,4,74,39
LA1840,6,19/12/2021,25,3_third_instar,2,74,39
LA1840,6,19/12/2021,25,4_early_fourth_instar,7,74,39
LA1840,6,19/12/2021,25,5_late_fourth_instar,8,74,39
LA1840,6,19/12/2021,25,6_exuviea,0,74,39
LA1840,7,19/12/2021,25,1_first_instar,2,89,57
LA1840,7,19/12/2021,25,2_second_instar,3,89,57
LA1840,7,19/12/2021,25,3_third_instar,7,89,57
LA1840,7,19/12/2021,25,4_early_fourth_instar,12,89,57
LA1840,7,19/12/2021,25,5_late_fourth_instar,19,89,57
LA1840,7,19/12/2021,25,6_exuviea,2,89,57
MM,8,19/12/2021,25,1_first_instar,0,43,29
MM,8,19/12/2021,25,2_second_instar,0,43,29
MM,8,19/12/2021,25,3_third_instar,1,43,29
MM,8,19/12/2021,25,4_early_fourth_instar,7,43,29
MM,8,19/12/2021,25,5_late_fourth_instar,9,43,29
MM,8,19/12/2021,25,6_exuviea,0,43,29
MM,9,19/12/2021,25,1_first_instar,0,49,19
MM,9,19/12/2021,25,2_second_instar,0,49,19
MM,9,19/12/2021,25,3_third_instar,0,49,19
MM,9,19/12/2021,25,4_early_fourth_instar,8,49,19
MM,9,19/12/2021,25,5_late_fourth_instar,5,49,19
MM,9,19/12/2021,25,6_exuviea,0,49,19
MM,10,19/12/2021,25,1_first_instar,0,56,25
MM,10,19/12/2021,25,2_second_instar,0,56,25
MM,10,19/12/2021,25,3_third_instar,0,56,25
MM,10,19/12/2021,25,4_early_fourth_instar,2,56,25
MM,10,19/12/2021,25,5_late_fourth_instar,5,56,25
MM,10,19/12/2021,25,6_exuviea,1,56,25
LA1840,11,19/12/2021,25,1_first_instar,0,68,43
LA1840,11,19/12/2021,25,2_second_instar,3,68,43
LA1840,11,19/12/2021,25,3_third_instar,1,68,43
LA1840,11,19/12/2021,25,4_early_fourth_instar,2,68,43
LA1840,11,19/12/2021,25,5_late_fourth_instar,11,68,43
LA1840,11,19/12/2021,25,6_exuviea,0,68,43
LA1840,12,19/12/2021,25,1_first_instar,0,68,48
LA1840,12,19/12/2021,25,2_second_instar,3,68,48
LA1840,12,19/12/2021,25,3_third_instar,3,68,48
LA1840,12,19/12/2021,25,4_early_fourth_instar,6,68,48
LA1840,12,19/12/2021,25,5_late_fourth_instar,8,68,48
LA1840,12,19/12/2021,25,6_exuviea,1,68,48
LA1840,13,19/12/2021,25,1_first_instar,0,49,24
LA1840,13,19/12/2021,25,2_second_instar,2,49,24
LA1840,13,19/12/2021,25,3_third_instar,2,49,24
LA1840,13,19/12/2021,25,4_early_fourth_instar,5,49,24
LA1840,13,19/12/2021,25,5_late_fourth_instar,1,49,24
LA1840,13,19/12/2021,25,6_exuviea,0,49,24
MM,14,19/12/2021,25,1_first_instar,0,36,23
MM,14,19/12/2021,25,2_second_instar,0,36,23
MM,14,19/12/2021,25,3_third_instar,5,36,23
MM,14,19/12/2021,25,4_early_fourth_instar,9,36,23
MM,14,19/12/2021,25,5_late_fourth_instar,5,36,23
MM,14,19/12/2021,25,6_exuviea,0,36,23
LA1840,1,21/12/2021,27,1_first_instar,1,60,40
LA1840,1,21/12/2021,27,2_second_instar,1,60,40
LA1840,1,21/12/2021,27,3_third_instar,2,60,40
LA1840,1,21/12/2021,27,4_early_fourth_instar,6,60,40
LA1840,1,21/12/2021,27,5_late_fourth_instar,12,60,40
LA1840,1,21/12/2021,27,6_exuviea,0,60,40
MM,2,21/12/2021,27,1_first_instar,0,66,46
MM,2,21/12/2021,27,2_second_instar,0,66,46
MM,2,21/12/2021,27,3_third_instar,0,66,46
MM,2,21/12/2021,27,4_early_fourth_instar,10,66,46
MM,2,21/12/2021,27,5_late_fourth_instar,6,66,46
MM,2,21/12/2021,27,6_exuviea,0,66,46
MM,3,21/12/2021,27,1_first_instar,0,60,39
MM,3,21/12/2021,27,2_second_instar,0,60,39
MM,3,21/12/2021,27,3_third_instar,1,60,39
MM,3,21/12/2021,27,4_early_fourth_instar,13,60,39
MM,3,21/12/2021,27,5_late_fourth_instar,5,60,39
MM,3,21/12/2021,27,6_exuviea,0,60,39
MM,4,21/12/2021,27,1_first_instar,0,84,52
MM,4,21/12/2021,27,2_second_instar,0,84,52
MM,4,21/12/2021,27,3_third_instar,0,84,52
MM,4,21/12/2021,27,4_early_fourth_instar,2,84,52
MM,4,21/12/2021,27,5_late_fourth_instar,1,84,52
MM,4,21/12/2021,27,6_exuviea,0,84,52
LA1840,5,21/12/2021,27,1_first_instar,0,57,40
LA1840,5,21/12/2021,27,2_second_instar,2,57,40
LA1840,5,21/12/2021,27,3_third_instar,3,57,40
LA1840,5,21/12/2021,27,4_early_fourth_instar,7,57,40
LA1840,5,21/12/2021,27,5_late_fourth_instar,5,57,40
LA1840,5,21/12/2021,27,6_exuviea,1,57,40
LA1840,6,21/12/2021,27,1_first_instar,1,74,39
LA1840,6,21/12/2021,27,2_second_instar,2,74,39
LA1840,6,21/12/2021,27,3_third_instar,3,74,39
LA1840,6,21/12/2021,27,4_early_fourth_instar,5,74,39
LA1840,6,21/12/2021,27,5_late_fourth_instar,5,74,39
LA1840,6,21/12/2021,27,6_exuviea,0,74,39
LA1840,7,21/12/2021,27,1_first_instar,2,89,57
LA1840,7,21/12/2021,27,2_second_instar,3,89,57
LA1840,7,21/12/2021,27,3_third_instar,4,89,57
LA1840,7,21/12/2021,27,4_early_fourth_instar,9,89,57
LA1840,7,21/12/2021,27,5_late_fourth_instar,5,89,57
LA1840,7,21/12/2021,27,6_exuviea,0,89,57
MM,8,21/12/2021,27,1_first_instar,0,43,29
MM,8,21/12/2021,27,2_second_instar,0,43,29
MM,8,21/12/2021,27,3_third_instar,1,43,29
MM,8,21/12/2021,27,4_early_fourth_instar,6,43,29
MM,8,21/12/2021,27,5_late_fourth_instar,1,43,29
MM,8,21/12/2021,27,6_exuviea,0,43,29
MM,9,21/12/2021,27,1_first_instar,0,49,19
MM,9,21/12/2021,27,2_second_instar,0,49,19
MM,9,21/12/2021,27,3_third_instar,0,49,19
MM,9,21/12/2021,27,4_early_fourth_instar,7,49,19
MM,9,21/12/2021,27,5_late_fourth_instar,1,49,19
MM,9,21/12/2021,27,6_exuviea,0,49,19
MM,10,21/12/2021,27,1_first_instar,0,56,25
MM,10,21/12/2021,27,2_second_instar,0,56,25
MM,10,21/12/2021,27,3_third_instar,0,56,25
MM,10,21/12/2021,27,4_early_fourth_instar,1,56,25
MM,10,21/12/2021,27,5_late_fourth_instar,1,56,25
MM,10,21/12/2021,27,6_exuviea,0,56,25
LA1840,11,21/12/2021,27,1_first_instar,0,68,43
LA1840,11,21/12/2021,27,2_second_instar,3,68,43
LA1840,11,21/12/2021,27,3_third_instar,1,68,43
LA1840,11,21/12/2021,27,4_early_fourth_instar,0,68,43
LA1840,11,21/12/2021,27,5_late_fourth_instar,2,68,43
LA1840,11,21/12/2021,27,6_exuviea,0,68,43
LA1840,12,21/12/2021,27,1_first_instar,0,68,48
LA1840,12,21/12/2021,27,2_second_instar,3,68,48
LA1840,12,21/12/2021,27,3_third_instar,2,68,48
LA1840,12,21/12/2021,27,4_early_fourth_instar,5,68,48
LA1840,12,21/12/2021,27,5_late_fourth_instar,2,68,48
LA1840,12,21/12/2021,27,6_exuviea,0,68,48
MM,14,21/12/2021,27,1_first_instar,0,36,23
MM,14,21/12/2021,27,2_second_instar,0,36,23
MM,14,21/12/2021,27,3_third_instar,3,36,23
MM,14,21/12/2021,27,4_early_fourth_instar,5,36,23
MM,14,21/12/2021,27,5_late_fourth_instar,5,36,23
MM,14,21/12/2021,27,6_exuviea,0,36,23
LA1840,1,23/12/2021,29,1_first_instar,1,60,40
LA1840,1,23/12/2021,29,2_second_instar,1,60,40
LA1840,1,23/12/2021,29,3_third_instar,1,60,40
LA1840,1,23/12/2021,29,4_early_fourth_instar,3,60,40
LA1840,1,23/12/2021,29,5_late_fourth_instar,4,60,40
LA1840,1,23/12/2021,29,6_exuviea,0,60,40
MM,2,23/12/2021,29,1_first_instar,0,66,46
MM,2,23/12/2021,29,2_second_instar,0,66,46
MM,2,23/12/2021,29,3_third_instar,0,66,46
MM,2,23/12/2021,29,4_early_fourth_instar,4,66,46
MM,2,23/12/2021,29,5_late_fourth_instar,6,66,46
MM,2,23/12/2021,29,6_exuviea,0,66,46
MM,3,23/12/2021,29,1_first_instar,0,60,39
MM,3,23/12/2021,29,2_second_instar,0,60,39
MM,3,23/12/2021,29,3_third_instar,0,60,39
MM,3,23/12/2021,29,4_early_fourth_instar,9,60,39
MM,3,23/12/2021,29,5_late_fourth_instar,5,60,39
MM,3,23/12/2021,29,6_exuviea,0,60,39
MM,4,23/12/2021,29,1_first_instar,0,84,52
MM,4,23/12/2021,29,2_second_instar,0,84,52
MM,4,23/12/2021,29,3_third_instar,0,84,52
MM,4,23/12/2021,29,4_early_fourth_instar,1,84,52
MM,4,23/12/2021,29,5_late_fourth_instar,1,84,52
MM,4,23/12/2021,29,6_exuviea,0,84,52
LA1840,5,23/12/2021,29,1_first_instar,0,57,40
LA1840,5,23/12/2021,29,2_second_instar,2,57,40
LA1840,5,23/12/2021,29,3_third_instar,1,57,40
LA1840,5,23/12/2021,29,4_early_fourth_instar,6,57,40
LA1840,5,23/12/2021,29,5_late_fourth_instar,3,57,40
LA1840,5,23/12/2021,29,6_exuviea,1,57,40
LA1840,6,23/12/2021,29,1_first_instar,0,74,39
LA1840,6,23/12/2021,29,2_second_instar,2,74,39
LA1840,6,23/12/2021,29,3_third_instar,1,74,39
LA1840,6,23/12/2021,29,4_early_fourth_instar,1,74,39
LA1840,6,23/12/2021,29,5_late_fourth_instar,5,74,39
LA1840,6,23/12/2021,29,6_exuviea,0,74,39
LA1840,7,23/12/2021,29,1_first_instar,0,89,57
LA1840,7,23/12/2021,29,2_second_instar,3,89,57
LA1840,7,23/12/2021,29,3_third_instar,1,89,57
LA1840,7,23/12/2021,29,4_early_fourth_instar,9,89,57
LA1840,7,23/12/2021,29,5_late_fourth_instar,5,89,57
LA1840,7,23/12/2021,29,6_exuviea,0,89,57
MM,8,23/12/2021,29,1_first_instar,0,43,29
MM,8,23/12/2021,29,2_second_instar,0,43,29
MM,8,23/12/2021,29,3_third_instar,0,43,29
MM,8,23/12/2021,29,4_early_fourth_instar,6,43,29
MM,8,23/12/2021,29,5_late_fourth_instar,1,43,29
MM,8,23/12/2021,29,6_exuviea,0,43,29
MM,9,23/12/2021,29,1_first_instar,0,49,19
MM,9,23/12/2021,29,2_second_instar,0,49,19
MM,9,23/12/2021,29,3_third_instar,0,49,19
MM,9,23/12/2021,29,4_early_fourth_instar,4,49,19
MM,9,23/12/2021,29,5_late_fourth_instar,3,49,19
MM,9,23/12/2021,29,6_exuviea,0,49,19
MM,10,23/12/2021,29,1_first_instar,0,56,25
MM,10,23/12/2021,29,2_second_instar,0,56,25
MM,10,23/12/2021,29,3_third_instar,0,56,25
MM,10,23/12/2021,29,4_early_fourth_instar,1,56,25
MM,10,23/12/2021,29,5_late_fourth_instar,0,56,25
MM,10,23/12/2021,29,6_exuviea,0,56,25
LA1840,11,23/12/2021,29,1_first_instar,0,68,43
LA1840,11,23/12/2021,29,2_second_instar,3,68,43
LA1840,11,23/12/2021,29,3_third_instar,1,68,43
LA1840,11,23/12/2021,29,4_early_fourth_instar,0,68,43
LA1840,11,23/12/2021,29,5_late_fourth_instar,0,68,43
LA1840,11,23/12/2021,29,6_exuviea,0,68,43
LA1840,12,23/12/2021,29,1_first_instar,0,68,48
LA1840,12,23/12/2021,29,2_second_instar,2,68,48
LA1840,12,23/12/2021,29,3_third_instar,2,68,48
LA1840,12,23/12/2021,29,4_early_fourth_instar,3,68,48
LA1840,12,23/12/2021,29,5_late_fourth_instar,3,68,48
LA1840,12,23/12/2021,29,6_exuviea,0,68,48
MM,14,23/12/2021,29,1_first_instar,0,36,23
MM,14,23/12/2021,29,2_second_instar,0,36,23
MM,14,23/12/2021,29,3_third_instar,0,36,23
MM,14,23/12/2021,29,4_early_fourth_instar,4,36,23
MM,14,23/12/2021,29,5_late_fourth_instar,2,36,23
MM,14,23/12/2021,29,6_exuviea,0,36,23
